osm_id,nama,daerah,kecamatan,alamat,jam_buka,jam_tutup,harga_min,harga_max,rating,deskripsi,kecamatan_id
node/1000000,Indische 1931,Sidoarjo,Sidoarjo,Jl. Raya Sidoarjo No. 1,09:00:00,22:00:00,10000,25000,4.0,Tempat kopi populer di Sidoarjo Sidoarjo.,1
node/1000001,The Rooster,Sidoarjo,Sidoarjo,Jl. Raya Sidoarjo No. 2,09:00:00,22:00:00,15000,45000,4.1,Tempat kopi populer di Sidoarjo Sidoarjo.,1
node/1000002,Omah Oeti,Sidoarjo,Sidoarjo,Jl. Raya Sidoarjo No. 3,09:00:00,22:00:00,10000,25000,4.2,Tempat kopi populer di Sidoarjo Sidoarjo.,1
node/1000003,VLOG CAFE,Sidoarjo,Sidoarjo,Jl. Raya Sidoarjo No. 4,09:00:00,22:00:00,15000,45000,4.3,Tempat kopi populer di Sidoarjo Sidoarjo.,1
node/1000004,Jungkir Balik,Sidoarjo,Sidoarjo,Jl. Raya Sidoarjo No. 5,09:00:00,22:00:00,10000,25000,4.4,Tempat kopi populer di Sidoarjo Sidoarjo.,1
node/1000005,Manakopi.sda,Sidoarjo,Sidoarjo,Jl. Raya Sidoarjo No. 6,09:00:00,22:00:00,15000,45000,4.5,Tempat kopi populer di Sidoarjo Sidoarjo.,1
node/1000006,Crita Lama,Sidoarjo,Sidoarjo,Jl. Raya Sidoarjo No. 7,09:00:00,22:00:00,10000,25000,4.6,Tempat kopi populer di Sidoarjo Sidoarjo.,1
node/1000007,De Jong Cafe,Sidoarjo,Sidoarjo,Jl. Raya Sidoarjo No. 8,09:00:00,22:00:00,15000,45000,4.7,Tempat kopi populer di Sidoarjo Sidoarjo.,1
node/1000008,Fore Pahlawan,Sidoarjo,Sidoarjo,Jl. Raya Sidoarjo No. 9,09:00:00,22:00:00,10000,25000,4.8,Tempat kopi populer di Sidoarjo Sidoarjo.,1
node/1000009,Labuda Kopi,Sidoarjo,Sidoarjo,Jl. Raya Sidoarjo No. 10,09:00:00,22:00:00,15000,45000,4.9,Tempat kopi populer di Sidoarjo Sidoarjo.,1
node/1000010,Ame Coffee,Sidoarjo,Buduran,Jl. Raya Buduran No. 1,09:00:00,22:00:00,10000,25000,4.0,Tempat kopi populer di Buduran Sidoarjo.,2
node/1000011,Taketama,Sidoarjo,Buduran,Jl. Raya Buduran No. 2,09:00:00,22:00:00,15000,45000,4.1,Tempat kopi populer di Buduran Sidoarjo.,2
node/1000012,Kanagara,Sidoarjo,Buduran,Jl. Raya Buduran No. 3,09:00:00,22:00:00,10000,25000,4.2,Tempat kopi populer di Buduran Sidoarjo.,2
node/1000013,Ekopilogi,Sidoarjo,Buduran,Jl. Raya Buduran No. 4,09:00:00,22:00:00,15000,45000,4.3,Tempat kopi populer di Buduran Sidoarjo.,2
node/1000014,Semoga Makmur,Sidoarjo,Buduran,Jl. Raya Buduran No. 5,09:00:00,22:00:00,10000,25000,4.4,Tempat kopi populer di Buduran Sidoarjo.,2
node/1000015,Little A,Sidoarjo,Buduran,Jl. Raya Buduran No. 6,09:00:00,22:00:00,15000,45000,4.5,Tempat kopi populer di Buduran Sidoarjo.,2
node/1000016,Kopico,Sidoarjo,Buduran,Jl. Raya Buduran No. 7,09:00:00,22:00:00,10000,25000,4.6,Tempat kopi populer di Buduran Sidoarjo.,2
node/1000017,Vox Populi,Sidoarjo,Buduran,Jl. Raya Buduran No. 8,09:00:00,22:00:00,15000,45000,4.7,Tempat kopi populer di Buduran Sidoarjo.,2
node/1000018,Picnic Coffee,Sidoarjo,Buduran,Jl. Raya Buduran No. 9,09:00:00,22:00:00,10000,25000,4.8,Tempat kopi populer di Buduran Sidoarjo.,2
node/1000019,Jenggolo Coffee,Sidoarjo,Buduran,Jl. Raya Buduran No. 10,09:00:00,22:00:00,15000,45000,4.9,Tempat kopi populer di Buduran Sidoarjo.,2
node/1000020,KIRRIBILLI,Sidoarjo,Waru,Jl. Raya Waru No. 1,09:00:00,22:00:00,10000,25000,4.0,Tempat kopi populer di Waru Sidoarjo.,3
node/1000021,Arek Lokal,Sidoarjo,Waru,Jl. Raya Waru No. 2,09:00:00,22:00:00,15000,45000,4.1,Tempat kopi populer di Waru Sidoarjo.,3
node/1000022,Point Coffee Tropodo,Sidoarjo,Waru,Jl. Raya Waru No. 3,09:00:00,22:00:00,10000,25000,4.2,Tempat kopi populer di Waru Sidoarjo.,3
node/1000023,Triton's Cafe,Sidoarjo,Waru,Jl. Raya Waru No. 4,09:00:00,22:00:00,15000,45000,4.3,Tempat kopi populer di Waru Sidoarjo.,3
node/1000024,Janji Jiwa Waru,Sidoarjo,Waru,Jl. Raya Waru No. 5,09:00:00,22:00:00,10000,25000,4.4,Tempat kopi populer di Waru Sidoarjo.,3
node/1000025,Excelso Cito,Sidoarjo,Waru,Jl. Raya Waru No. 6,09:00:00,22:00:00,15000,45000,4.5,Tempat kopi populer di Waru Sidoarjo.,3
node/1000026,Coffee Toffee Jati,Sidoarjo,Waru,Jl. Raya Waru No. 7,09:00:00,22:00:00,10000,25000,4.6,Tempat kopi populer di Waru Sidoarjo.,3
node/1000027,Seventeen Coffee,Sidoarjo,Waru,Jl. Raya Waru No. 8,09:00:00,22:00:00,15000,45000,4.7,Tempat kopi populer di Waru Sidoarjo.,3
node/1000028,Arah Kopi,Sidoarjo,Waru,Jl. Raya Waru No. 9,09:00:00,22:00:00,10000,25000,4.8,Tempat kopi populer di Waru Sidoarjo.,3
node/1000029,Lain Hati Nggriya,Sidoarjo,Waru,Jl. Raya Waru No. 10,09:00:00,22:00:00,15000,45000,4.9,Tempat kopi populer di Waru Sidoarjo.,3
node/1000030,333 House,Sidoarjo,Gedangan,Jl. Raya Gedangan No. 1,09:00:00,22:00:00,10000,25000,4.0,Tempat kopi populer di Gedangan Sidoarjo.,4
node/1000031,Fore Juanda,Sidoarjo,Gedangan,Jl. Raya Gedangan No. 2,09:00:00,22:00:00,15000,45000,4.1,Tempat kopi populer di Gedangan Sidoarjo.,4
node/1000032,Kopi Kenangan,Sidoarjo,Gedangan,Jl. Raya Gedangan No. 3,09:00:00,22:00:00,10000,25000,4.2,Tempat kopi populer di Gedangan Sidoarjo.,4
node/1000033,Jati Kopi,Sidoarjo,Gedangan,Jl. Raya Gedangan No. 4,09:00:00,22:00:00,15000,45000,4.3,Tempat kopi populer di Gedangan Sidoarjo.,4
node/1000034,Semampir Coffee,Sidoarjo,Gedangan,Jl. Raya Gedangan No. 5,09:00:00,22:00:00,10000,25000,4.4,Tempat kopi populer di Gedangan Sidoarjo.,4
node/1000035,Gedangan Roastery,Sidoarjo,Gedangan,Jl. Raya Gedangan No. 6,09:00:00,22:00:00,15000,45000,4.5,Tempat kopi populer di Gedangan Sidoarjo.,4
node/1000036,Ruang Kopi,Sidoarjo,Gedangan,Jl. Raya Gedangan No. 7,09:00:00,22:00:00,10000,25000,4.6,Tempat kopi populer di Gedangan Sidoarjo.,4
node/1000037,Kopi Chuseyo,Sidoarjo,Gedangan,Jl. Raya Gedangan No. 8,09:00:00,22:00:00,15000,45000,4.7,Tempat kopi populer di Gedangan Sidoarjo.,4
node/1000038,Titik Temu,Sidoarjo,Gedangan,Jl. Raya Gedangan No. 9,09:00:00,22:00:00,10000,25000,4.8,Tempat kopi populer di Gedangan Sidoarjo.,4
node/1000039,Starbucks Gedangan,Sidoarjo,Gedangan,Jl. Raya Gedangan No. 10,09:00:00,22:00:00,15000,45000,4.9,Tempat kopi populer di Gedangan Sidoarjo.,4
node/1000040,Kopi Ruang Hati,Sidoarjo,Taman,Jl. Raya Taman No. 1,09:00:00,22:00:00,10000,25000,4.0,Tempat kopi populer di Taman Sidoarjo.,5
node/1000041,Depot Kopi Sepanjang,Sidoarjo,Taman,Jl. Raya Taman No. 2,09:00:00,22:00:00,15000,45000,4.1,Tempat kopi populer di Taman Sidoarjo.,5
node/1000042,Kalcer Coffee,Sidoarjo,Taman,Jl. Raya Taman No. 3,09:00:00,22:00:00,10000,25000,4.2,Tempat kopi populer di Taman Sidoarjo.,5
node/1000043,Kopi nDalem,Sidoarjo,Taman,Jl. Raya Taman No. 4,09:00:00,22:00:00,15000,45000,4.3,Tempat kopi populer di Taman Sidoarjo.,5
node/1000044,Kedai Kopi 77,Sidoarjo,Taman,Jl. Raya Taman No. 5,09:00:00,22:00:00,10000,25000,4.4,Tempat kopi populer di Taman Sidoarjo.,5
node/1000045,Coffee Time,Sidoarjo,Taman,Jl. Raya Taman No. 6,09:00:00,22:00:00,15000,45000,4.5,Tempat kopi populer di Taman Sidoarjo.,5
node/1000046,Janji Jiwa Taman,Sidoarjo,Taman,Jl. Raya Taman No. 7,09:00:00,22:00:00,10000,25000,4.6,Tempat kopi populer di Taman Sidoarjo.,5
node/1000047,Kopi Joss,Sidoarjo,Taman,Jl. Raya Taman No. 8,09:00:00,22:00:00,15000,45000,4.7,Tempat kopi populer di Taman Sidoarjo.,5
node/1000048,Teras Kopi,Sidoarjo,Taman,Jl. Raya Taman No. 9,09:00:00,22:00:00,10000,25000,4.8,Tempat kopi populer di Taman Sidoarjo.,5
node/1000049,Kopi Persahabatan,Sidoarjo,Taman,Jl. Raya Taman No. 10,09:00:00,22:00:00,15000,45000,4.9,Tempat kopi populer di Taman Sidoarjo.,5
node/1000050,Kopi Sae,Sidoarjo,Krian,Jl. Raya Krian No. 1,09:00:00,22:00:00,10000,25000,4.0,Tempat kopi populer di Krian Sidoarjo.,6
node/1000051,Kopi nDalem Krian,Sidoarjo,Krian,Jl. Raya Krian No. 2,09:00:00,22:00:00,15000,45000,4.1,Tempat kopi populer di Krian Sidoarjo.,6
node/1000052,Kedai Kopi Oei,Sidoarjo,Krian,Jl. Raya Krian No. 3,09:00:00,22:00:00,10000,25000,4.2,Tempat kopi populer di Krian Sidoarjo.,6
node/1000053,Krian Coffee Lab,Sidoarjo,Krian,Jl. Raya Krian No. 4,09:00:00,22:00:00,15000,45000,4.3,Tempat kopi populer di Krian Sidoarjo.,6
node/1000054,Ambyar Coffee,Sidoarjo,Krian,Jl. Raya Krian No. 5,09:00:00,22:00:00,10000,25000,4.4,Tempat kopi populer di Krian Sidoarjo.,6
node/1000055,Kopi Sejiwa,Sidoarjo,Krian,Jl. Raya Krian No. 6,09:00:00,22:00:00,15000,45000,4.5,Tempat kopi populer di Krian Sidoarjo.,6
node/1000056,Warkop Krian Bersatu,Sidoarjo,Krian,Jl. Raya Krian No. 7,09:00:00,22:00:00,10000,25000,4.6,Tempat kopi populer di Krian Sidoarjo.,6
node/1000057,Kopi Soe,Sidoarjo,Krian,Jl. Raya Krian No. 8,09:00:00,22:00:00,15000,45000,4.7,Tempat kopi populer di Krian Sidoarjo.,6
node/1000058,Coffee Break,Sidoarjo,Krian,Jl. Raya Krian No. 9,09:00:00,22:00:00,10000,25000,4.8,Tempat kopi populer di Krian Sidoarjo.,6
node/1000059,Kopi Rakyat,Sidoarjo,Krian,Jl. Raya Krian No. 10,09:00:00,22:00:00,15000,45000,4.9,Tempat kopi populer di Krian Sidoarjo.,6
node/1000060,Kopi Ombe,Sidoarjo,Sukodono,Jl. Raya Sukodono No. 1,09:00:00,22:00:00,10000,25000,4.0,Tempat kopi populer di Sukodono Sidoarjo.,7
node/1000061,Latar Ombo,Sidoarjo,Sukodono,Jl. Raya Sukodono No. 2,09:00:00,22:00:00,15000,45000,4.1,Tempat kopi populer di Sukodono Sidoarjo.,7
node/1000062,Sukodono Space,Sidoarjo,Sukodono,Jl. Raya Sukodono No. 3,09:00:00,22:00:00,10000,25000,4.2,Tempat kopi populer di Sukodono Sidoarjo.,7
node/1000063,Kopi Srawung,Sidoarjo,Sukodono,Jl. Raya Sukodono No. 4,09:00:00,22:00:00,15000,45000,4.3,Tempat kopi populer di Sukodono Sidoarjo.,7
node/1000064,Kopi Sawah,Sidoarjo,Sukodono,Jl. Raya Sukodono No. 5,09:00:00,22:00:00,10000,25000,4.4,Tempat kopi populer di Sukodono Sidoarjo.,7
node/1000065,Ruang Temu,Sidoarjo,Sukodono,Jl. Raya Sukodono No. 6,09:00:00,22:00:00,15000,45000,4.5,Tempat kopi populer di Sukodono Sidoarjo.,7
node/1000066,Warkop Berkah,Sidoarjo,Sukodono,Jl. Raya Sukodono No. 7,09:00:00,22:00:00,10000,25000,4.6,Tempat kopi populer di Sukodono Sidoarjo.,7
node/1000067,Kopi Inspirasi,Sidoarjo,Sukodono,Jl. Raya Sukodono No. 8,09:00:00,22:00:00,15000,45000,4.7,Tempat kopi populer di Sukodono Sidoarjo.,7
node/1000068,Rumah Kopi,Sidoarjo,Sukodono,Jl. Raya Sukodono No. 9,09:00:00,22:00:00,10000,25000,4.8,Tempat kopi populer di Sukodono Sidoarjo.,7
node/1000069,Teras Ngopi,Sidoarjo,Sukodono,Jl. Raya Sukodono No. 10,09:00:00,22:00:00,15000,45000,4.9,Tempat kopi populer di Sukodono Sidoarjo.,7
node/1000070,Pendopo Wetan,Sidoarjo,Candi,Jl. Raya Candi No. 1,09:00:00,22:00:00,10000,25000,4.0,Tempat kopi populer di Candi Sidoarjo.,8
node/1000071,Candi Coffee House,Sidoarjo,Candi,Jl. Raya Candi No. 2,09:00:00,22:00:00,15000,45000,4.1,Tempat kopi populer di Candi Sidoarjo.,8
node/1000072,Kopi Mbah Doel,Sidoarjo,Candi,Jl. Raya Candi No. 3,09:00:00,22:00:00,10000,25000,4.2,Tempat kopi populer di Candi Sidoarjo.,8
node/1000073,Kopi Luwak Candi,Sidoarjo,Candi,Jl. Raya Candi No. 4,09:00:00,22:00:00,15000,45000,4.3,Tempat kopi populer di Candi Sidoarjo.,8
node/1000074,Kenangan Lingkar Timur,Sidoarjo,Candi,Jl. Raya Candi No. 5,09:00:00,22:00:00,10000,25000,4.4,Tempat kopi populer di Candi Sidoarjo.,8
node/1000075,Point Coffee Candi,Sidoarjo,Candi,Jl. Raya Candi No. 6,09:00:00,22:00:00,15000,45000,4.5,Tempat kopi populer di Candi Sidoarjo.,8
node/1000076,Warkop Stasiun,Sidoarjo,Candi,Jl. Raya Candi No. 7,09:00:00,22:00:00,10000,25000,4.6,Tempat kopi populer di Candi Sidoarjo.,8
node/1000077,Kopi Rakyat Candi,Sidoarjo,Candi,Jl. Raya Candi No. 8,09:00:00,22:00:00,15000,45000,4.7,Tempat kopi populer di Candi Sidoarjo.,8
node/1000078,Rumah Kopi Candi,Sidoarjo,Candi,Jl. Raya Candi No. 9,09:00:00,22:00:00,10000,25000,4.8,Tempat kopi populer di Candi Sidoarjo.,8
node/1000079,Ngopi Sore Candi,Sidoarjo,Candi,Jl. Raya Candi No. 10,09:00:00,22:00:00,15000,45000,4.9,Tempat kopi populer di Candi Sidoarjo.,8
node/1000080,Kopi Tas,Sidoarjo,Tanggulangin,Jl. Raya Tanggulangin No. 1,09:00:00,22:00:00,10000,25000,4.0,Tempat kopi populer di Tanggulangin Sidoarjo.,9
node/1000081,Tanggulangin Corner,Sidoarjo,Tanggulangin,Jl. Raya Tanggulangin No. 2,09:00:00,22:00:00,15000,45000,4.1,Tempat kopi populer di Tanggulangin Sidoarjo.,9
node/1000082,Kedai Kopi Kulit,Sidoarjo,Tanggulangin,Jl. Raya Tanggulangin No. 3,09:00:00,22:00:00,10000,25000,4.2,Tempat kopi populer di Tanggulangin Sidoarjo.,9
node/1000083,Warkop Legenda,Sidoarjo,Tanggulangin,Jl. Raya Tanggulangin No. 4,09:00:00,22:00:00,15000,45000,4.3,Tempat kopi populer di Tanggulangin Sidoarjo.,9
node/1000084,Kopi Pojok,Sidoarjo,Tanggulangin,Jl. Raya Tanggulangin No. 5,09:00:00,22:00:00,10000,25000,4.4,Tempat kopi populer di Tanggulangin Sidoarjo.,9
node/1000085,Rumah Seduh,Sidoarjo,Tanggulangin,Jl. Raya Tanggulangin No. 6,09:00:00,22:00:00,15000,45000,4.5,Tempat kopi populer di Tanggulangin Sidoarjo.,9
node/1000086,Kopi Abah,Sidoarjo,Tanggulangin,Jl. Raya Tanggulangin No. 7,09:00:00,22:00:00,10000,25000,4.6,Tempat kopi populer di Tanggulangin Sidoarjo.,9
node/1000087,Kedai Kopi Sore,Sidoarjo,Tanggulangin,Jl. Raya Tanggulangin No. 8,09:00:00,22:00:00,15000,45000,4.7,Tempat kopi populer di Tanggulangin Sidoarjo.,9
node/1000088,Angkringan Tanggulangin,Sidoarjo,Tanggulangin,Jl. Raya Tanggulangin No. 9,09:00:00,22:00:00,10000,25000,4.8,Tempat kopi populer di Tanggulangin Sidoarjo.,9
node/1000089,Kopi Santai,Sidoarjo,Tanggulangin,Jl. Raya Tanggulangin No. 10,09:00:00,22:00:00,15000,45000,4.9,Tempat kopi populer di Tanggulangin Sidoarjo.,9
node/1000090,Kopi Tanggul,Sidoarjo,Porong,Jl. Raya Porong No. 1,09:00:00,22:00:00,10000,25000,4.0,Tempat kopi populer di Porong Sidoarjo.,10
node/1000091,Porong Station,Sidoarjo,Porong,Jl. Raya Porong No. 2,09:00:00,22:00:00,15000,45000,4.1,Tempat kopi populer di Porong Sidoarjo.,10
node/1000092,Margo Mulyo,Sidoarjo,Porong,Jl. Raya Porong No. 3,09:00:00,22:00:00,10000,25000,4.2,Tempat kopi populer di Porong Sidoarjo.,10
node/1000093,Warkop Porong Indah,Sidoarjo,Porong,Jl. Raya Porong No. 4,09:00:00,22:00:00,15000,45000,4.3,Tempat kopi populer di Porong Sidoarjo.,10
node/1000094,Kopi Bangi,Sidoarjo,Porong,Jl. Raya Porong No. 5,09:00:00,22:00:00,10000,25000,4.4,Tempat kopi populer di Porong Sidoarjo.,10
node/1000095,Kopi Tepi Jalan,Sidoarjo,Porong,Jl. Raya Porong No. 6,09:00:00,22:00:00,15000,45000,4.5,Tempat kopi populer di Porong Sidoarjo.,10
node/1000096,Kopi Rakyat Porong,Sidoarjo,Porong,Jl. Raya Porong No. 7,09:00:00,22:00:00,10000,25000,4.6,Tempat kopi populer di Porong Sidoarjo.,10
node/1000097,Warkop Gajah Mada,Sidoarjo,Porong,Jl. Raya Porong No. 8,09:00:00,22:00:00,15000,45000,4.7,Tempat kopi populer di Porong Sidoarjo.,10
node/1000098,Kopi Seduluran,Sidoarjo,Porong,Jl. Raya Porong No. 9,09:00:00,22:00:00,10000,25000,4.8,Tempat kopi populer di Porong Sidoarjo.,10
node/1000099,Kedai Kopi Baru,Sidoarjo,Porong,Jl. Raya Porong No. 10,09:00:00,22:00:00,15000,45000,4.9,Tempat kopi populer di Porong Sidoarjo.,10
node/1000100,Tulangan Coffee Lab,Sidoarjo,Tulangan,Jl. Raya Tulangan No. 1,09:00:00,22:00:00,10000,25000,4.0,Tempat kopi populer di Tulangan Sidoarjo.,11
node/1000101,Jenggolo Tulangan,Sidoarjo,Tulangan,Jl. Raya Tulangan No. 2,09:00:00,22:00:00,15000,45000,4.1,Tempat kopi populer di Tulangan Sidoarjo.,11
node/1000102,Warkop Makmur,Sidoarjo,Tulangan,Jl. Raya Tulangan No. 3,09:00:00,22:00:00,10000,25000,4.2,Tempat kopi populer di Tulangan Sidoarjo.,11
node/1000103,Kopi Kita,Sidoarjo,Tulangan,Jl. Raya Tulangan No. 4,09:00:00,22:00:00,15000,45000,4.3,Tempat kopi populer di Tulangan Sidoarjo.,11
node/1000104,Rumah Kopi Tulangan,Sidoarjo,Tulangan,Jl. Raya Tulangan No. 5,09:00:00,22:00:00,10000,25000,4.4,Tempat kopi populer di Tulangan Sidoarjo.,11
node/1000105,Kedai Kopi Hitam,Sidoarjo,Tulangan,Jl. Raya Tulangan No. 6,09:00:00,22:00:00,15000,45000,4.5,Tempat kopi populer di Tulangan Sidoarjo.,11
node/1000106,Teras Ngopi Tulangan,Sidoarjo,Tulangan,Jl. Raya Tulangan No. 7,09:00:00,22:00:00,10000,25000,4.6,Tempat kopi populer di Tulangan Sidoarjo.,11
node/1000107,Inspirasi Tulangan,Sidoarjo,Tulangan,Jl. Raya Tulangan No. 8,09:00:00,22:00:00,15000,45000,4.7,Tempat kopi populer di Tulangan Sidoarjo.,11
node/1000108,Warkop Pojok,Sidoarjo,Tulangan,Jl. Raya Tulangan No. 9,09:00:00,22:00:00,10000,25000,4.8,Tempat kopi populer di Tulangan Sidoarjo.,11
node/1000109,Kopi Santai Tulangan,Sidoarjo,Tulangan,Jl. Raya Tulangan No. 10,09:00:00,22:00:00,15000,45000,4.9,Tempat kopi populer di Tulangan Sidoarjo.,11
node/1000110,Krembung Space,Sidoarjo,Krembung,Jl. Raya Krembung No. 1,09:00:00,22:00:00,10000,25000,4.0,Tempat kopi populer di Krembung Sidoarjo.,12
node/1000111,Krembung Indah,Sidoarjo,Krembung,Jl. Raya Krembung No. 2,09:00:00,22:00:00,15000,45000,4.1,Tempat kopi populer di Krembung Sidoarjo.,12
node/1000112,Krembung Jaya,Sidoarjo,Krembung,Jl. Raya Krembung No. 3,09:00:00,22:00:00,10000,25000,4.2,Tempat kopi populer di Krembung Sidoarjo.,12
node/1000113,Kopi Rakyat Krembung,Sidoarjo,Krembung,Jl. Raya Krembung No. 4,09:00:00,22:00:00,15000,45000,4.3,Tempat kopi populer di Krembung Sidoarjo.,12
node/1000114,Rumah Seduh Krembung,Sidoarjo,Krembung,Jl. Raya Krembung No. 5,09:00:00,22:00:00,10000,25000,4.4,Tempat kopi populer di Krembung Sidoarjo.,12
node/1000115,Kopi Sore Krembung,Sidoarjo,Krembung,Jl. Raya Krembung No. 6,09:00:00,22:00:00,15000,45000,4.5,Tempat kopi populer di Krembung Sidoarjo.,12
node/1000116,Kopi Mbah Man,Sidoarjo,Krembung,Jl. Raya Krembung No. 7,09:00:00,22:00:00,10000,25000,4.6,Tempat kopi populer di Krembung Sidoarjo.,12
node/1000117,Warkop Klasik,Sidoarjo,Krembung,Jl. Raya Krembung No. 8,09:00:00,22:00:00,15000,45000,4.7,Tempat kopi populer di Krembung Sidoarjo.,12
node/1000118,Kopi Mantap,Sidoarjo,Krembung,Jl. Raya Krembung No. 9,09:00:00,22:00:00,10000,25000,4.8,Tempat kopi populer di Krembung Sidoarjo.,12
node/1000119,Teras Kopi,Sidoarjo,Krembung,Jl. Raya Krembung No. 10,09:00:00,22:00:00,15000,45000,4.9,Tempat kopi populer di Krembung Sidoarjo.,12
node/1000120,Jabon Riverside,Sidoarjo,Jabon,Jl. Raya Jabon No. 1,09:00:00,22:00:00,10000,25000,4.0,Tempat kopi populer di Jabon Sidoarjo.,13
node/1000121,Jabon Makmur,Sidoarjo,Jabon,Jl. Raya Jabon No. 2,09:00:00,22:00:00,15000,45000,4.1,Tempat kopi populer di Jabon Sidoarjo.,13
node/1000122,Warkop Jabon Indah,Sidoarjo,Jabon,Jl. Raya Jabon No. 3,09:00:00,22:00:00,10000,25000,4.2,Tempat kopi populer di Jabon Sidoarjo.,13
node/1000123,Kopi Pesisir,Sidoarjo,Jabon,Jl. Raya Jabon No. 4,09:00:00,22:00:00,15000,45000,4.3,Tempat kopi populer di Jabon Sidoarjo.,13
node/1000124,Rumah Kopi Jabon,Sidoarjo,Jabon,Jl. Raya Jabon No. 5,09:00:00,22:00:00,10000,25000,4.4,Tempat kopi populer di Jabon Sidoarjo.,13
node/1000125,Kopi Sederhana,Sidoarjo,Jabon,Jl. Raya Jabon No. 6,09:00:00,22:00:00,15000,45000,4.5,Tempat kopi populer di Jabon Sidoarjo.,13
node/1000126,Kopi Rakyat Jabon,Sidoarjo,Jabon,Jl. Raya Jabon No. 7,09:00:00,22:00:00,10000,25000,4.6,Tempat kopi populer di Jabon Sidoarjo.,13
node/1000127,Warkop Tepi Tambak,Sidoarjo,Jabon,Jl. Raya Jabon No. 8,09:00:00,22:00:00,15000,45000,4.7,Tempat kopi populer di Jabon Sidoarjo.,13
node/1000128,Angkringan Jabon,Sidoarjo,Jabon,Jl. Raya Jabon No. 9,09:00:00,22:00:00,10000,25000,4.8,Tempat kopi populer di Jabon Sidoarjo.,13
node/1000129,Kopi Pagi,Sidoarjo,Jabon,Jl. Raya Jabon No. 10,09:00:00,22:00:00,15000,45000,4.9,Tempat kopi populer di Jabon Sidoarjo.,13
node/1000130,Prambon Garden,Sidoarjo,Prambon,Jl. Raya Prambon No. 1,09:00:00,22:00:00,10000,25000,4.0,Tempat kopi populer di Prambon Sidoarjo.,14
node/1000131,Prambon Raya,Sidoarjo,Prambon,Jl. Raya Prambon No. 2,09:00:00,22:00:00,15000,45000,4.1,Tempat kopi populer di Prambon Sidoarjo.,14
node/1000132,Prambon Indah,Sidoarjo,Prambon,Jl. Raya Prambon No. 3,09:00:00,22:00:00,10000,25000,4.2,Tempat kopi populer di Prambon Sidoarjo.,14
node/1000133,Kopi Sawah Prambon,Sidoarjo,Prambon,Jl. Raya Prambon No. 4,09:00:00,22:00:00,15000,45000,4.3,Tempat kopi populer di Prambon Sidoarjo.,14
node/1000134,Rumah Kopi Prambon,Sidoarjo,Prambon,Jl. Raya Prambon No. 5,09:00:00,22:00:00,10000,25000,4.4,Tempat kopi populer di Prambon Sidoarjo.,14
node/1000135,Kopi Rakyat Prambon,Sidoarjo,Prambon,Jl. Raya Prambon No. 6,09:00:00,22:00:00,15000,45000,4.5,Tempat kopi populer di Prambon Sidoarjo.,14
node/1000136,Kopi Sore Prambon,Sidoarjo,Prambon,Jl. Raya Prambon No. 7,09:00:00,22:00:00,10000,25000,4.6,Tempat kopi populer di Prambon Sidoarjo.,14
node/1000137,Legenda Prambon,Sidoarjo,Prambon,Jl. Raya Prambon No. 8,09:00:00,22:00:00,15000,45000,4.7,Tempat kopi populer di Prambon Sidoarjo.,14
node/1000138,Teras Ngopi Prambon,Sidoarjo,Prambon,Jl. Raya Prambon No. 9,09:00:00,22:00:00,10000,25000,4.8,Tempat kopi populer di Prambon Sidoarjo.,14
node/1000139,Kopi Mantap Prambon,Sidoarjo,Prambon,Jl. Raya Prambon No. 10,09:00:00,22:00:00,15000,45000,4.9,Tempat kopi populer di Prambon Sidoarjo.,14
node/1000140,Tarik Station,Sidoarjo,Tarik,Jl. Raya Tarik No. 1,09:00:00,22:00:00,10000,25000,4.0,Tempat kopi populer di Tarik Sidoarjo.,15
node/1000141,Tarik Makmur,Sidoarjo,Tarik,Jl. Raya Tarik No. 2,09:00:00,22:00:00,15000,45000,4.1,Tempat kopi populer di Tarik Sidoarjo.,15
node/1000142,Tarik Jaya,Sidoarjo,Tarik,Jl. Raya Tarik No. 3,09:00:00,22:00:00,10000,25000,4.2,Tempat kopi populer di Tarik Sidoarjo.,15
node/1000143,Kopi Rakyat Tarik,Sidoarjo,Tarik,Jl. Raya Tarik No. 4,09:00:00,22:00:00,15000,45000,4.3,Tempat kopi populer di Tarik Sidoarjo.,15
node/1000144,Rumah Seduh Tarik,Sidoarjo,Tarik,Jl. Raya Tarik No. 5,09:00:00,22:00:00,10000,25000,4.4,Tempat kopi populer di Tarik Sidoarjo.,15
node/1000145,Kopi Sore Tarik,Sidoarjo,Tarik,Jl. Raya Tarik No. 6,09:00:00,22:00:00,15000,45000,4.5,Tempat kopi populer di Tarik Sidoarjo.,15
node/1000146,Kopi Mbah Tarik,Sidoarjo,Tarik,Jl. Raya Tarik No. 7,09:00:00,22:00:00,10000,25000,4.6,Tempat kopi populer di Tarik Sidoarjo.,15
node/1000147,Warkop Klasik Tarik,Sidoarjo,Tarik,Jl. Raya Tarik No. 8,09:00:00,22:00:00,15000,45000,4.7,Tempat kopi populer di Tarik Sidoarjo.,15
node/1000148,Kopi Mantap Tarik,Sidoarjo,Tarik,Jl. Raya Tarik No. 9,09:00:00,22:00:00,10000,25000,4.8,Tempat kopi populer di Tarik Sidoarjo.,15
node/1000149,Teras Kopi Tarik,Sidoarjo,Tarik,Jl. Raya Tarik No. 10,09:00:00,22:00:00,15000,45000,4.9,Tempat kopi populer di Tarik Sidoarjo.,15
node/1000150,Balongbendo Space,Sidoarjo,Balongbendo,Jl. Raya Balongbendo No. 1,09:00:00,22:00:00,10000,25000,4.0,Tempat kopi populer di Balongbendo Sidoarjo.,16
node/1000151,Balongbendo Indah,Sidoarjo,Balongbendo,Jl. Raya Balongbendo No. 2,09:00:00,22:00:00,15000,45000,4.1,Tempat kopi populer di Balongbendo Sidoarjo.,16
node/1000152,Balongbendo Jaya,Sidoarjo,Balongbendo,Jl. Raya Balongbendo No. 3,09:00:00,22:00:00,10000,25000,4.2,Tempat kopi populer di Balongbendo Sidoarjo.,16
node/1000153,Kopi Rakyat Balongbendo,Sidoarjo,Balongbendo,Jl. Raya Balongbendo No. 4,09:00:00,22:00:00,15000,45000,4.3,Tempat kopi populer di Balongbendo Sidoarjo.,16
node/1000154,Rumah Seduh Balongbendo,Sidoarjo,Balongbendo,Jl. Raya Balongbendo No. 5,09:00:00,22:00:00,10000,25000,4.4,Tempat kopi populer di Balongbendo Sidoarjo.,16
node/1000155,Kopi Sore Balongbendo,Sidoarjo,Balongbendo,Jl. Raya Balongbendo No. 6,09:00:00,22:00:00,15000,45000,4.5,Tempat kopi populer di Balongbendo Sidoarjo.,16
node/1000156,Kopi Mbah Balong,Sidoarjo,Balongbendo,Jl. Raya Balongbendo No. 7,09:00:00,22:00:00,10000,25000,4.6,Tempat kopi populer di Balongbendo Sidoarjo.,16
node/1000157,Warkop Klasik Balongbendo,Sidoarjo,Balongbendo,Jl. Raya Balongbendo No. 8,09:00:00,22:00:00,15000,45000,4.7,Tempat kopi populer di Balongbendo Sidoarjo.,16
node/1000158,Kopi Mantap Balongbendo,Sidoarjo,Balongbendo,Jl. Raya Balongbendo No. 9,09:00:00,22:00:00,10000,25000,4.8,Tempat kopi populer di Balongbendo Sidoarjo.,16
node/1000159,Teras Kopi Balongbendo,Sidoarjo,Balongbendo,Jl. Raya Balongbendo No. 10,09:00:00,22:00:00,15000,45000,4.9,Tempat kopi populer di Balongbendo Sidoarjo.,16
node/1000160,Cak Sodik,Sidoarjo,Wonoayu,Jl. Raya Wonoayu No. 1,09:00:00,22:00:00,10000,25000,4.0,Tempat kopi populer di Wonoayu Sidoarjo.,17
node/1000161,Wonoayu Lab,Sidoarjo,Wonoayu,Jl. Raya Wonoayu No. 2,09:00:00,22:00:00,15000,45000,4.1,Tempat kopi populer di Wonoayu Sidoarjo.,17
node/1000162,Wonoayu Indah,Sidoarjo,Wonoayu,Jl. Raya Wonoayu No. 3,09:00:00,22:00:00,10000,25000,4.2,Tempat kopi populer di Wonoayu Sidoarjo.,17
node/1000163,Kopi Sawah Wonoayu,Sidoarjo,Wonoayu,Jl. Raya Wonoayu No. 4,09:00:00,22:00:00,15000,45000,4.3,Tempat kopi populer di Wonoayu Sidoarjo.,17
node/1000164,Rumah Kopi Wonoayu,Sidoarjo,Wonoayu,Jl. Raya Wonoayu No. 5,09:00:00,22:00:00,10000,25000,4.4,Tempat kopi populer di Wonoayu Sidoarjo.,17
node/1000165,Kopi Rakyat Wonoayu,Sidoarjo,Wonoayu,Jl. Raya Wonoayu No. 6,09:00:00,22:00:00,15000,45000,4.5,Tempat kopi populer di Wonoayu Sidoarjo.,17
node/1000166,Kopi Sore Wonoayu,Sidoarjo,Wonoayu,Jl. Raya Wonoayu No. 7,09:00:00,22:00:00,10000,25000,4.6,Tempat kopi populer di Wonoayu Sidoarjo.,17
node/1000167,Legenda Wonoayu,Sidoarjo,Wonoayu,Jl. Raya Wonoayu No. 8,09:00:00,22:00:00,15000,45000,4.7,Tempat kopi populer di Wonoayu Sidoarjo.,17
node/1000168,Teras Ngopi Wonoayu,Sidoarjo,Wonoayu,Jl. Raya Wonoayu No. 9,09:00:00,22:00:00,10000,25000,4.8,Tempat kopi populer di Wonoayu Sidoarjo.,17
node/1000169,Kopi Mantap Wonoayu,Sidoarjo,Wonoayu,Jl. Raya Wonoayu No. 10,09:00:00,22:00:00,15000,45000,4.9,Tempat kopi populer di Wonoayu Sidoarjo.,17
node/1000170,Sedati Garden,Sidoarjo,Sedati,Jl. Raya Sedati No. 1,09:00:00,22:00:00,10000,25000,4.0,Tempat kopi populer di Sedati Sidoarjo.,18
node/1000171,Sedati Raya,Sidoarjo,Sedati,Jl. Raya Sedati No. 2,09:00:00,22:00:00,15000,45000,4.1,Tempat kopi populer di Sedati Sidoarjo.,18
node/1000172,Sedati Indah,Sidoarjo,Sedati,Jl. Raya Sedati No. 3,09:00:00,22:00:00,10000,25000,4.2,Tempat kopi populer di Sedati Sidoarjo.,18
node/1000173,Kopi Pesisir Sedati,Sidoarjo,Sedati,Jl. Raya Sedati No. 4,09:00:00,22:00:00,15000,45000,4.3,Tempat kopi populer di Sedati Sidoarjo.,18
node/1000174,Rumah Kopi Sedati,Sidoarjo,Sedati,Jl. Raya Sedati No. 5,09:00:00,22:00:00,10000,25000,4.4,Tempat kopi populer di Sedati Sidoarjo.,18
node/1000175,Kopi Rakyat Sedati,Sidoarjo,Sedati,Jl. Raya Sedati No. 6,09:00:00,22:00:00,15000,45000,4.5,Tempat kopi populer di Sedati Sidoarjo.,18
node/1000176,Kopi Sore Sedati,Sidoarjo,Sedati,Jl. Raya Sedati No. 7,09:00:00,22:00:00,10000,25000,4.6,Tempat kopi populer di Sedati Sidoarjo.,18
node/1000177,Legenda Sedati,Sidoarjo,Sedati,Jl. Raya Sedati No. 8,09:00:00,22:00:00,15000,45000,4.7,Tempat kopi populer di Sedati Sidoarjo.,18
node/1000178,Teras Ngopi Sedati,Sidoarjo,Sedati,Jl. Raya Sedati No. 9,09:00:00,22:00:00,10000,25000,4.8,Tempat kopi populer di Sedati Sidoarjo.,18
node/1000179,Kopi Mantap Sedati,Sidoarjo,Sedati,Jl. Raya Sedati No. 10,09:00:00,22:00:00,15000,45000,4.9,Tempat kopi populer di Sedati Sidoarjo.,18
